"STATION","NAME","DATE","TAVG","TMAX","TMIN"
"USC00049219","VALLEJO, CA US","2024-02-01",,"59","48"
"USC00049219","VALLEJO, CA US","2024-02-02",,"58","46"
"USC00049219","VALLEJO, CA US","2024-02-03",,"56","44"
"USC00049219","VALLEJO, CA US","2024-02-04",,"62","45"
"USC00049219","VALLEJO, CA US","2024-02-05",,"59","49"
"USC00049219","VALLEJO, CA US","2024-02-06",,"60","41"
"USC00049219","VALLEJO, CA US","2024-02-07",,"57","41"
"USC00049219","VALLEJO, CA US","2024-02-08",,"57","37"
"USC00049219","VALLEJO, CA US","2024-02-09",,"58","39"
"USC00049219","VALLEJO, CA US","2024-02-10",,"65","41"
"USC00049219","VALLEJO, CA US","2024-02-12",,"64","42"
"USC00049219","VALLEJO, CA US","2024-02-13",,"59","44"
"USC00049219","VALLEJO, CA US","2024-02-14",,"57","49"
"USC00049219","VALLEJO, CA US","2024-02-15",,"63","47"
"USR0000CPUL","PULGAS CALIFORNIA, CA US","2024-02-01","51","59","48"
"USR0000CPUL","PULGAS CALIFORNIA, CA US","2024-02-02","48","54","44"
"USR0000CPUL","PULGAS CALIFORNIA, CA US","2024-02-03","48","54","44"
"USR0000CPUL","PULGAS CALIFORNIA, CA US","2024-02-04","52","58","46"
"USR0000CPUL","PULGAS CALIFORNIA, CA US","2024-02-05","52","60","46"
"USR0000CPUL","PULGAS CALIFORNIA, CA US","2024-02-06","48","57","41"
"US1CACC0025","MORAGA 2.4 NNW, CA US","2024-02-01",,,
"US1CACC0025","MORAGA 2.4 NNW, CA US","2024-02-02",,,
"US1CACC0025","MORAGA 2.4 NNW, CA US","2024-02-03",,,
"US1CACC0025","MORAGA 2.4 NNW, CA US","2024-02-04",,,
"US1CACC0025","MORAGA 2.4 NNW, CA US","2024-02-05",,,
"US1CACC0025","MORAGA 2.4 NNW, CA US","2024-02-06",,,
"US1CACC0025","MORAGA 2.4 NNW, CA US","2024-02-07",,,
"US1CACC0025","MORAGA 2.4 NNW, CA US","2024-02-08",,,
"US1CACC0025","MORAGA 2.4 NNW, CA US","2024-02-09",,,
"US1CACC0025","MORAGA 2.4 NNW, CA US","2024-02-10",,,
"US1CACC0025","MORAGA 2.4 NNW, CA US","2024-02-11",,,
"US1CACC0025","MORAGA 2.4 NNW, CA US","2024-02-12",,,
"US1CACC0025","MORAGA 2.4 NNW, CA US","2024-02-13",,,
"US1CACC0025","MORAGA 2.4 NNW, CA US","2024-02-14",,,
"US1CACC0025","MORAGA 2.4 NNW, CA US","2024-02-15",,,
"US1CACC0025","MORAGA 2.4 NNW, CA US","2024-02-16",,,
"USR0000CBIR","BIG ROCK CALIFORNIA, CA US","2024-02-01","49","56","46"
"USR0000CBIR","BIG ROCK CALIFORNIA, CA US","2024-02-02","47","52","44"
"USR0000CBIR","BIG ROCK CALIFORNIA, CA US","2024-02-03","45","48","43"
"USR0000CBIR","BIG ROCK CALIFORNIA, CA US","2024-02-04","49","55","44"
"USR0000CBIR","BIG ROCK CALIFORNIA, CA US","2024-02-05","50","57","47"
"USR0000CBIR","BIG ROCK CALIFORNIA, CA US","2024-02-06","49","53","45"
"US1CAMR0030","BOLINAS 0.2 W, CA US","2024-02-01",,,
"US1CAMR0030","BOLINAS 0.2 W, CA US","2024-02-02",,,
"US1CAMR0030","BOLINAS 0.2 W, CA US","2024-02-03",,,
"US1CAMR0030","BOLINAS 0.2 W, CA US","2024-02-04",,,
"US1CAMR0030","BOLINAS 0.2 W, CA US","2024-02-05",,,
"US1CAMR0030","BOLINAS 0.2 W, CA US","2024-02-06",,,
"US1CAMR0030","BOLINAS 0.2 W, CA US","2024-02-07",,,
"US1CAMR0030","BOLINAS 0.2 W, CA US","2024-02-08",,,
"US1CAMR0030","BOLINAS 0.2 W, CA US","2024-02-09",,,
"US1CAMR0030","BOLINAS 0.2 W, CA US","2024-02-10",,,
"US1CAMR0030","BOLINAS 0.2 W, CA US","2024-02-11",,,
"US1CAMR0030","BOLINAS 0.2 W, CA US","2024-02-12",,,
"US1CAMR0030","BOLINAS 0.2 W, CA US","2024-02-13",,,
"US1CAMR0030","BOLINAS 0.2 W, CA US","2024-02-14",,,
"US1CAMR0030","BOLINAS 0.2 W, CA US","2024-02-15",,,
"US1CAAL0004","PLEASANTON 1.8 SSE, CA US","2024-02-03",,,
"US1CAAL0004","PLEASANTON 1.8 SSE, CA US","2024-02-04",,,
"US1CAAL0004","PLEASANTON 1.8 SSE, CA US","2024-02-05",,,
"US1CAAL0004","PLEASANTON 1.8 SSE, CA US","2024-02-06",,,
"US1CAAL0004","PLEASANTON 1.8 SSE, CA US","2024-02-07",,,
"US1CAAL0004","PLEASANTON 1.8 SSE, CA US","2024-02-08",,,
"US1CAAL0004","PLEASANTON 1.8 SSE, CA US","2024-02-09",,,
"US1CAAL0004","PLEASANTON 1.8 SSE, CA US","2024-02-10",,,
"US1CAAL0004","PLEASANTON 1.8 SSE, CA US","2024-02-11",,,
"US1CAAL0004","PLEASANTON 1.8 SSE, CA US","2024-02-12",,,
"US1CAAL0004","PLEASANTON 1.8 SSE, CA US","2024-02-13",,,
"US1CAAL0004","PLEASANTON 1.8 SSE, CA US","2024-02-14",,,
"US1CAAL0004","PLEASANTON 1.8 SSE, CA US","2024-02-15",,,
"US1CASF0021","SAN FRANCISCO 3.4 S, CA US","2024-02-01",,,
"US1CASF0021","SAN FRANCISCO 3.4 S, CA US","2024-02-02",,,
"US1CASF0021","SAN FRANCISCO 3.4 S, CA US","2024-02-03",,,
"US1CASF0021","SAN FRANCISCO 3.4 S, CA US","2024-02-04",,,
"US1CASF0021","SAN FRANCISCO 3.4 S, CA US","2024-02-05",,,
"US1CASF0021","SAN FRANCISCO 3.4 S, CA US","2024-02-06",,,
"US1CASF0021","SAN FRANCISCO 3.4 S, CA US","2024-02-07",,,
"US1CASF0021","SAN FRANCISCO 3.4 S, CA US","2024-02-08",,,
"US1CASF0021","SAN FRANCISCO 3.4 S, CA US","2024-02-09",,,
"US1CASF0021","SAN FRANCISCO 3.4 S, CA US","2024-02-10",,,
"US1CASF0021","SAN FRANCISCO 3.4 S, CA US","2024-02-11",,,
"US1CASF0021","SAN FRANCISCO 3.4 S, CA US","2024-02-12",,,
"US1CASF0021","SAN FRANCISCO 3.4 S, CA US","2024-02-13",,,
"US1CASF0021","SAN FRANCISCO 3.4 S, CA US","2024-02-14",,,
"US1CASF0021","SAN FRANCISCO 3.4 S, CA US","2024-02-15",,,
"US1CASF0021","SAN FRANCISCO 3.4 S, CA US","2024-02-16",,,
"US1CASF0020","SAN FRANCISCO 3.1 W, CA US","2024-02-01",,,
"US1CASF0020","SAN FRANCISCO 3.1 W, CA US","2024-02-02",,,
"US1CASF0020","SAN FRANCISCO 3.1 W, CA US","2024-02-03",,,
"US1CASF0020","SAN FRANCISCO 3.1 W, CA US","2024-02-04",,,
"US1CASF0020","SAN FRANCISCO 3.1 W, CA US","2024-02-05",,,
"US1CASF0020","SAN FRANCISCO 3.1 W, CA US","2024-02-07",,,
"US1CASF0020","SAN FRANCISCO 3.1 W, CA US","2024-02-08",,,
"US1CASF0020","SAN FRANCISCO 3.1 W, CA US","2024-02-09",,,
"US1CASF0020","SAN FRANCISCO 3.1 W, CA US","2024-02-12",,,
"US1CASF0020","SAN FRANCISCO 3.1 W, CA US","2024-02-13",,,
"US1CASF0020","SAN FRANCISCO 3.1 W, CA US","2024-02-14",,,
"US1CASF0020","SAN FRANCISCO 3.1 W, CA US","2024-02-15",,,
"US1CASF0020","SAN FRANCISCO 3.1 W, CA US","2024-02-16",,,
"US1CAMR0032","SAN RAFAEL 1.9 NNW, CA US","2024-02-01",,,
"US1CAMR0032","SAN RAFAEL 1.9 NNW, CA US","2024-02-02",,,
"US1CAMR0032","SAN RAFAEL 1.9 NNW, CA US","2024-02-04",,,
"US1CAMR0032","SAN RAFAEL 1.9 NNW, CA US","2024-02-05",,,
"US1CAMR0032","SAN RAFAEL 1.9 NNW, CA US","2024-02-10",,,
"US1CAMR0032","SAN RAFAEL 1.9 NNW, CA US","2024-02-11",,,
"US1CAMR0032","SAN RAFAEL 1.9 NNW, CA US","2024-02-15",,,
"US1CAAL0006","OAKLAND 4.4 NNW, CA US","2024-02-01",,,
"US1CAAL0006","OAKLAND 4.4 NNW, CA US","2024-02-02",,,
"US1CAAL0006","OAKLAND 4.4 NNW, CA US","2024-02-03",,,
"US1CAAL0006","OAKLAND 4.4 NNW, CA US","2024-02-04",,,
"US1CAAL0006","OAKLAND 4.4 NNW, CA US","2024-02-05",,,
"US1CAAL0006","OAKLAND 4.4 NNW, CA US","2024-02-06",,,
"US1CAAL0006","OAKLAND 4.4 NNW, CA US","2024-02-08",,,
"US1CAAL0006","OAKLAND 4.4 NNW, CA US","2024-02-15",,,
"US1CAMR0031","LAGUNITAS FOREST KNOLLS 0.2 SSE, CA US","2024-02-01",,,
"US1CAMR0031","LAGUNITAS FOREST KNOLLS 0.2 SSE, CA US","2024-02-15",,,
"US1CAAL0012","PLEASANTON 0.4 ESE, CA US","2024-02-01",,,
"US1CAAL0012","PLEASANTON 0.4 ESE, CA US","2024-02-02",,,
"US1CAAL0012","PLEASANTON 0.4 ESE, CA US","2024-02-03",,,
"US1CAAL0012","PLEASANTON 0.4 ESE, CA US","2024-02-04",,,
"US1CAAL0012","PLEASANTON 0.4 ESE, CA US","2024-02-05",,,
"US1CAAL0012","PLEASANTON 0.4 ESE, CA US","2024-02-06",,,
"US1CAAL0012","PLEASANTON 0.4 ESE, CA US","2024-02-07",,,
"US1CAAL0012","PLEASANTON 0.4 ESE, CA US","2024-02-08",,,
"US1CAAL0012","PLEASANTON 0.4 ESE, CA US","2024-02-09",,,
"US1CAAL0012","PLEASANTON 0.4 ESE, CA US","2024-02-10",,,
"US1CAAL0012","PLEASANTON 0.4 ESE, CA US","2024-02-11",,,
"US1CAAL0012","PLEASANTON 0.4 ESE, CA US","2024-02-12",,,
"US1CAAL0012","PLEASANTON 0.4 ESE, CA US","2024-02-13",,,
"US1CAAL0012","PLEASANTON 0.4 ESE, CA US","2024-02-14",,,
"US1CAAL0012","PLEASANTON 0.4 ESE, CA US","2024-02-15",,,
"US1CAAL0052","OAKLAND 1.7 NNW, CA US","2024-02-01",,,
"US1CAAL0052","OAKLAND 1.7 NNW, CA US","2024-02-02",,,
"US1CAAL0052","OAKLAND 1.7 NNW, CA US","2024-02-03",,,
"US1CAAL0052","OAKLAND 1.7 NNW, CA US","2024-02-04",,,
"US1CAAL0052","OAKLAND 1.7 NNW, CA US","2024-02-05",,,
"US1CAAL0052","OAKLAND 1.7 NNW, CA US","2024-02-06",,,
"US1CAAL0052","OAKLAND 1.7 NNW, CA US","2024-02-07",,,
"US1CAAL0052","OAKLAND 1.7 NNW, CA US","2024-02-08",,,
"US1CAAL0052","OAKLAND 1.7 NNW, CA US","2024-02-09",,,
"US1CAAL0052","OAKLAND 1.7 NNW, CA US","2024-02-10",,,
"US1CAAL0052","OAKLAND 1.7 NNW, CA US","2024-02-11",,,
"US1CAAL0052","OAKLAND 1.7 NNW, CA US","2024-02-12",,,
"US1CAAL0052","OAKLAND 1.7 NNW, CA US","2024-02-13",,,
"US1CAAL0052","OAKLAND 1.7 NNW, CA US","2024-02-14",,,
"US1CAAL0052","OAKLAND 1.7 NNW, CA US","2024-02-15",,,
"USC00043714","HALF MOON BAY, CA US","2024-02-01",,"58","48"
"USC00043714","HALF MOON BAY, CA US","2024-02-02",,"56","48"
"USC00043714","HALF MOON BAY, CA US","2024-02-03",,"56","44"
"USC00043714","HALF MOON BAY, CA US","2024-02-04",,"63","48"
"USC00043714","HALF MOON BAY, CA US","2024-02-05",,"61","51"
"USC00043714","HALF MOON BAY, CA US","2024-02-08",,"55","37"
"USC00043714","HALF MOON BAY, CA US","2024-02-09",,"55","39"
"USC00043714","HALF MOON BAY, CA US","2024-02-10",,"59","37"
"USC00043714","HALF MOON BAY, CA US","2024-02-11",,"57","46"
"USC00043714","HALF MOON BAY, CA US","2024-02-12",,"58","37"
"USC00043714","HALF MOON BAY, CA US","2024-02-14",,"58","46"
"USC00043714","HALF MOON BAY, CA US","2024-02-15",,"58","45"
"US1CAAL0050","ALBANY 1.8 E, CA US","2024-02-01",,,
"US1CAAL0050","ALBANY 1.8 E, CA US","2024-02-02",,,
"US1CAAL0050","ALBANY 1.8 E, CA US","2024-02-05",,,
"US1CAAL0050","ALBANY 1.8 E, CA US","2024-02-06",,,
"US1CAAL0050","ALBANY 1.8 E, CA US","2024-02-07",,,
"US1CAAL0050","ALBANY 1.8 E, CA US","2024-02-08",,,
"US1CAAL0050","ALBANY 1.8 E, CA US","2024-02-15",,,
"US1CASM0013","BURLINGAME 2.0 WSW, CA US","2024-02-01",,,
"US1CASM0013","BURLINGAME 2.0 WSW, CA US","2024-02-02",,,
"US1CASM0013","BURLINGAME 2.0 WSW, CA US","2024-02-03",,,
"US1CASM0013","BURLINGAME 2.0 WSW, CA US","2024-02-05",,,
"US1CASM0013","BURLINGAME 2.0 WSW, CA US","2024-02-08",,,
"US1CASM0013","BURLINGAME 2.0 WSW, CA US","2024-02-15",,,
"USW00023254","CONCORD BUCHANAN FIELD, CA US","2024-02-01","54","61","50"
"USW00023254","CONCORD BUCHANAN FIELD, CA US","2024-02-02","53","58","46"
"USW00023254","CONCORD BUCHANAN FIELD, CA US","2024-02-03","49","54","45"
"USW00023254","CONCORD BUCHANAN FIELD, CA US","2024-02-04","53","65","48"
"USW00023254","CONCORD BUCHANAN FIELD, CA US","2024-02-05","55","61","50"
"USW00023254","CONCORD BUCHANAN FIELD, CA US","2024-02-06","51","59","42"
"USW00023254","CONCORD BUCHANAN FIELD, CA US","2024-02-07","48","54","42"
"USW00023254","CONCORD BUCHANAN FIELD, CA US","2024-02-08","47","55","36"
"USW00023254","CONCORD BUCHANAN FIELD, CA US","2024-02-09","45","57","36"
"USW00023254","CONCORD BUCHANAN FIELD, CA US","2024-02-10","49","63","36"
"USW00023254","CONCORD BUCHANAN FIELD, CA US","2024-02-11","49","61","38"
"USW00023254","CONCORD BUCHANAN FIELD, CA US","2024-02-12","49","62","39"
"USW00023254","CONCORD BUCHANAN FIELD, CA US","2024-02-13","51","60","43"
"USW00023254","CONCORD BUCHANAN FIELD, CA US","2024-02-14","53","59","48"
"USW00023254","CONCORD BUCHANAN FIELD, CA US","2024-02-15","54","64","48"
"USW00023254","CONCORD BUCHANAN FIELD, CA US","2024-02-16","53",,
"US1CASM0006","FOSTER CITY 1.3 SW, CA US","2024-02-01",,,
"US1CASM0006","FOSTER CITY 1.3 SW, CA US","2024-02-02",,,
"US1CASM0006","FOSTER CITY 1.3 SW, CA US","2024-02-03",,,
"US1CASM0006","FOSTER CITY 1.3 SW, CA US","2024-02-04",,,
"US1CASM0006","FOSTER CITY 1.3 SW, CA US","2024-02-05",,,
"US1CASM0006","FOSTER CITY 1.3 SW, CA US","2024-02-06",,,
"US1CASM0006","FOSTER CITY 1.3 SW, CA US","2024-02-07",,,
"US1CASM0006","FOSTER CITY 1.3 SW, CA US","2024-02-08",,,
"US1CASM0006","FOSTER CITY 1.3 SW, CA US","2024-02-09",,,
"US1CASM0006","FOSTER CITY 1.3 SW, CA US","2024-02-10",,,
"US1CASM0006","FOSTER CITY 1.3 SW, CA US","2024-02-11",,,
"US1CASM0006","FOSTER CITY 1.3 SW, CA US","2024-02-12",,,
"US1CASM0006","FOSTER CITY 1.3 SW, CA US","2024-02-13",,,
"US1CASM0006","FOSTER CITY 1.3 SW, CA US","2024-02-14",,,
"US1CASM0006","FOSTER CITY 1.3 SW, CA US","2024-02-15",,,
"US1CASM0005","MENLO PARK 2.4 W, CA US","2024-02-01",,,
"US1CASM0005","MENLO PARK 2.4 W, CA US","2024-02-02",,,
"US1CASM0005","MENLO PARK 2.4 W, CA US","2024-02-03",,,
"US1CASM0005","MENLO PARK 2.4 W, CA US","2024-02-04",,,
"US1CASM0005","MENLO PARK 2.4 W, CA US","2024-02-05",,,
"US1CASM0005","MENLO PARK 2.4 W, CA US","2024-02-06",,,
"US1CASM0005","MENLO PARK 2.4 W, CA US","2024-02-07",,,
"US1CASM0005","MENLO PARK 2.4 W, CA US","2024-02-08",,,
"US1CASM0005","MENLO PARK 2.4 W, CA US","2024-02-09",,,
"US1CASM0005","MENLO PARK 2.4 W, CA US","2024-02-10",,,
"US1CASM0005","MENLO PARK 2.4 W, CA US","2024-02-11",,,
"US1CASM0005","MENLO PARK 2.4 W, CA US","2024-02-12",,,
"US1CASM0005","MENLO PARK 2.4 W, CA US","2024-02-13",,,
"US1CASM0005","MENLO PARK 2.4 W, CA US","2024-02-14",,,
"US1CASM0005","MENLO PARK 2.4 W, CA US","2024-02-15",,,
"US1CAMR0026","NOVATO 1.2 SW, CA US","2024-02-01",,,
"US1CAMR0026","NOVATO 1.2 SW, CA US","2024-02-02",,,
"US1CAMR0026","NOVATO 1.2 SW, CA US","2024-02-03",,,
"US1CAMR0026","NOVATO 1.2 SW, CA US","2024-02-04",,,
"US1CAMR0026","NOVATO 1.2 SW, CA US","2024-02-05",,,
"US1CAMR0026","NOVATO 1.2 SW, CA US","2024-02-06",,,
"US1CAMR0026","NOVATO 1.2 SW, CA US","2024-02-07",,,
"US1CAMR0026","NOVATO 1.2 SW, CA US","2024-02-08",,,
"US1CAMR0026","NOVATO 1.2 SW, CA US","2024-02-09",,,
"US1CAMR0026","NOVATO 1.2 SW, CA US","2024-02-10",,,
"US1CAMR0026","NOVATO 1.2 SW, CA US","2024-02-11",,,
"US1CAMR0026","NOVATO 1.2 SW, CA US","2024-02-12",,,
"US1CAMR0026","NOVATO 1.2 SW, CA US","2024-02-13",,,
"US1CAMR0026","NOVATO 1.2 SW, CA US","2024-02-14",,,
"US1CAMR0026","NOVATO 1.2 SW, CA US","2024-02-15",,,
"US1CAMR0026","NOVATO 1.2 SW, CA US","2024-02-16",,,
"US1CACC0037","CONCORD 2.1 SE, CA US","2024-02-01",,,
"US1CACC0037","CONCORD 2.1 SE, CA US","2024-02-02",,,
"US1CACC0037","CONCORD 2.1 SE, CA US","2024-02-03",,,
"US1CACC0037","CONCORD 2.1 SE, CA US","2024-02-04",,,
"US1CACC0037","CONCORD 2.1 SE, CA US","2024-02-05",,,
"US1CACC0037","CONCORD 2.1 SE, CA US","2024-02-06",,,
"US1CACC0037","CONCORD 2.1 SE, CA US","2024-02-07",,,
"US1CACC0037","CONCORD 2.1 SE, CA US","2024-02-08",,,
"US1CACC0037","CONCORD 2.1 SE, CA US","2024-02-09",,,
"US1CACC0037","CONCORD 2.1 SE, CA US","2024-02-10",,,
"US1CACC0037","CONCORD 2.1 SE, CA US","2024-02-11",,,
"US1CACC0037","CONCORD 2.1 SE, CA US","2024-02-12",,,
"US1CACC0037","CONCORD 2.1 SE, CA US","2024-02-13",,,
"US1CACC0037","CONCORD 2.1 SE, CA US","2024-02-14",,,
"US1CACC0037","CONCORD 2.1 SE, CA US","2024-02-15",,,
"US1CAMR0025","SAN ANSELMO 2.0 NNW, CA US","2024-02-01",,,
"US1CAMR0025","SAN ANSELMO 2.0 NNW, CA US","2024-02-02",,,
"US1CAMR0025","SAN ANSELMO 2.0 NNW, CA US","2024-02-03",,,
"US1CAMR0025","SAN ANSELMO 2.0 NNW, CA US","2024-02-04",,,
"US1CAMR0025","SAN ANSELMO 2.0 NNW, CA US","2024-02-05",,,
"US1CAMR0025","SAN ANSELMO 2.0 NNW, CA US","2024-02-06",,,
"US1CAMR0025","SAN ANSELMO 2.0 NNW, CA US","2024-02-07",,,
"US1CAMR0025","SAN ANSELMO 2.0 NNW, CA US","2024-02-08",,,
"US1CAMR0025","SAN ANSELMO 2.0 NNW, CA US","2024-02-09",,,
"US1CAMR0025","SAN ANSELMO 2.0 NNW, CA US","2024-02-10",,,
"US1CAMR0025","SAN ANSELMO 2.0 NNW, CA US","2024-02-11",,,
"US1CAMR0025","SAN ANSELMO 2.0 NNW, CA US","2024-02-12",,,
"US1CAMR0025","SAN ANSELMO 2.0 NNW, CA US","2024-02-13",,,
"US1CAMR0025","SAN ANSELMO 2.0 NNW, CA US","2024-02-14",,,
"US1CAMR0025","SAN ANSELMO 2.0 NNW, CA US","2024-02-15",,,
"US1CAMR0025","SAN ANSELMO 2.0 NNW, CA US","2024-02-16",,,
"USC00046336","OAKLAND MUSEUM, CA US","2024-02-01",,"62","50"
"USC00046336","OAKLAND MUSEUM, CA US","2024-02-02",,"59","49"
"USC00046336","OAKLAND MUSEUM, CA US","2024-02-03",,"57","48"
"USC00046336","OAKLAND MUSEUM, CA US","2024-02-04",,"61","47"
"USC00046336","OAKLAND MUSEUM, CA US","2024-02-05",,"60","51"
"USC00046336","OAKLAND MUSEUM, CA US","2024-02-06",,"60","45"
"USC00046336","OAKLAND MUSEUM, CA US","2024-02-07",,"54","47"
"USC00046336","OAKLAND MUSEUM, CA US","2024-02-08",,"58","40"
"USC00046336","OAKLAND MUSEUM, CA US","2024-02-09",,"59","41"
"USC00046336","OAKLAND MUSEUM, CA US","2024-02-10",,"64","48"
"USC00046336","OAKLAND MUSEUM, CA US","2024-02-11",,"61","47"
"USC00046336","OAKLAND MUSEUM, CA US","2024-02-12",,"63","44"
"USC00046336","OAKLAND MUSEUM, CA US","2024-02-13",,"60","46"
"USC00046336","OAKLAND MUSEUM, CA US","2024-02-14",,"59","50"
"USC00046336","OAKLAND MUSEUM, CA US","2024-02-15",,"63","50"
"US1CAMR0024","SAN RAFAEL 4.6 NW, CA US","2024-02-01",,,
"US1CAMR0024","SAN RAFAEL 4.6 NW, CA US","2024-02-02",,,
"US1CAMR0024","SAN RAFAEL 4.6 NW, CA US","2024-02-03",,,
"US1CAMR0024","SAN RAFAEL 4.6 NW, CA US","2024-02-04",,,
"US1CAMR0024","SAN RAFAEL 4.6 NW, CA US","2024-02-05",,,
"US1CAMR0024","SAN RAFAEL 4.6 NW, CA US","2024-02-09",,,
"US1CAMR0024","SAN RAFAEL 4.6 NW, CA US","2024-02-11",,,
"US1CAMR0024","SAN RAFAEL 4.6 NW, CA US","2024-02-12",,,
"US1CAMR0024","SAN RAFAEL 4.6 NW, CA US","2024-02-13",,,
"US1CAMR0024","SAN RAFAEL 4.6 NW, CA US","2024-02-14",,,
"US1CAMR0024","SAN RAFAEL 4.6 NW, CA US","2024-02-15",,,
"US1CASM0009","PORTOLA VALLEY 1.3 ENE, CA US","2024-02-01",,,
"US1CASM0009","PORTOLA VALLEY 1.3 ENE, CA US","2024-02-02",,,
"US1CASM0009","PORTOLA VALLEY 1.3 ENE, CA US","2024-02-04",,,
"US1CASM0009","PORTOLA VALLEY 1.3 ENE, CA US","2024-02-05",,,
"US1CASM0009","PORTOLA VALLEY 1.3 ENE, CA US","2024-02-08",,,
"US1CASM0009","PORTOLA VALLEY 1.3 ENE, CA US","2024-02-15",,,
"US1CAMR0060","SAN RAFAEL 1.4 NW, CA US","2024-02-01",,,
"US1CAMR0060","SAN RAFAEL 1.4 NW, CA US","2024-02-02",,,
"US1CAMR0060","SAN RAFAEL 1.4 NW, CA US","2024-02-03",,,
"US1CAMR0060","SAN RAFAEL 1.4 NW, CA US","2024-02-04",,,
"US1CAMR0060","SAN RAFAEL 1.4 NW, CA US","2024-02-05",,,
"US1CAMR0060","SAN RAFAEL 1.4 NW, CA US","2024-02-06",,,
"US1CAMR0060","SAN RAFAEL 1.4 NW, CA US","2024-02-08",,,
"US1CAAL0039","BERKELEY 0.9 SSE, CA US","2024-02-01",,,
"US1CAAL0039","BERKELEY 0.9 SSE, CA US","2024-02-02",,,
"US1CAAL0039","BERKELEY 0.9 SSE, CA US","2024-02-03",,,
"US1CAAL0039","BERKELEY 0.9 SSE, CA US","2024-02-04",,,
"US1CAAL0039","BERKELEY 0.9 SSE, CA US","2024-02-05",,,
"US1CAAL0039","BERKELEY 0.9 SSE, CA US","2024-02-06",,,
"US1CAAL0039","BERKELEY 0.9 SSE, CA US","2024-02-07",,,
"US1CAAL0039","BERKELEY 0.9 SSE, CA US","2024-02-08",,,
"US1CAAL0001","PIEDMONT 1.0 SE, CA US","2024-02-01",,,
"US1CAAL0001","PIEDMONT 1.0 SE, CA US","2024-02-02",,,
"US1CAAL0001","PIEDMONT 1.0 SE, CA US","2024-02-03",,,
"US1CAAL0001","PIEDMONT 1.0 SE, CA US","2024-02-05",,,
"US1CAAL0001","PIEDMONT 1.0 SE, CA US","2024-02-06",,,
"US1CAAL0001","PIEDMONT 1.0 SE, CA US","2024-02-07",,,
"US1CAAL0001","PIEDMONT 1.0 SE, CA US","2024-02-08",,,
"US1CAAL0001","PIEDMONT 1.0 SE, CA US","2024-02-09",,,
"US1CAAL0001","PIEDMONT 1.0 SE, CA US","2024-02-10",,,
"US1CAAL0001","PIEDMONT 1.0 SE, CA US","2024-02-11",,,
"US1CAAL0001","PIEDMONT 1.0 SE, CA US","2024-02-12",,,
"US1CAAL0001","PIEDMONT 1.0 SE, CA US","2024-02-13",,,
"US1CAAL0001","PIEDMONT 1.0 SE, CA US","2024-02-14",,,
"US1CAAL0001","PIEDMONT 1.0 SE, CA US","2024-02-15",,,
"US1CAAL0001","PIEDMONT 1.0 SE, CA US","2024-02-16",,,
"US1CAAL0003","CASTRO VALLEY 0.4 NNE, CA US","2024-02-01",,,
"US1CAAL0003","CASTRO VALLEY 0.4 NNE, CA US","2024-02-02",,,
"US1CAAL0003","CASTRO VALLEY 0.4 NNE, CA US","2024-02-03",,,
"US1CAAL0003","CASTRO VALLEY 0.4 NNE, CA US","2024-02-04",,,
"US1CAAL0003","CASTRO VALLEY 0.4 NNE, CA US","2024-02-05",,,
"US1CAAL0003","CASTRO VALLEY 0.4 NNE, CA US","2024-02-06",,,
"US1CAAL0003","CASTRO VALLEY 0.4 NNE, CA US","2024-02-07",,,
"US1CAAL0003","CASTRO VALLEY 0.4 NNE, CA US","2024-02-08",,,
"USR0000CSVA","SPRING VALLEY CALIFORNIA, CA US","2024-02-01","50","56","47"
"USR0000CSVA","SPRING VALLEY CALIFORNIA, CA US","2024-02-02","47","53","43"
"USR0000CSVA","SPRING VALLEY CALIFORNIA, CA US","2024-02-03","45","50","42"
"USR0000CSVA","SPRING VALLEY CALIFORNIA, CA US","2024-02-04","50","57","44"
"USR0000CSVA","SPRING VALLEY CALIFORNIA, CA US","2024-02-05","49","54","44"
"USR0000CSVA","SPRING VALLEY CALIFORNIA, CA US","2024-02-06","47","54","42"
"US1CACC0031","WALNUT CREEK 2.3 WSW, CA US","2024-02-01",,,
"US1CACC0031","WALNUT CREEK 2.3 WSW, CA US","2024-02-02",,,
"US1CACC0031","WALNUT CREEK 2.3 WSW, CA US","2024-02-03",,,
"US1CACC0031","WALNUT CREEK 2.3 WSW, CA US","2024-02-04",,,
"US1CACC0031","WALNUT CREEK 2.3 WSW, CA US","2024-02-05",,,
"US1CACC0031","WALNUT CREEK 2.3 WSW, CA US","2024-02-06",,,
"US1CACC0031","WALNUT CREEK 2.3 WSW, CA US","2024-02-07",,,
"US1CACC0031","WALNUT CREEK 2.3 WSW, CA US","2024-02-08",,,
"US1CACC0031","WALNUT CREEK 2.3 WSW, CA US","2024-02-09",,,
"US1CACC0031","WALNUT CREEK 2.3 WSW, CA US","2024-02-10",,,
"US1CACC0031","WALNUT CREEK 2.3 WSW, CA US","2024-02-11",,,
"US1CACC0031","WALNUT CREEK 2.3 WSW, CA US","2024-02-12",,,
"US1CACC0031","WALNUT CREEK 2.3 WSW, CA US","2024-02-13",,,
"US1CACC0031","WALNUT CREEK 2.3 WSW, CA US","2024-02-14",,,
"US1CACC0031","WALNUT CREEK 2.3 WSW, CA US","2024-02-15",,,
"US1CACC0031","WALNUT CREEK 2.3 WSW, CA US","2024-02-16",,,
"US1CASM0044","EL GRANADA 0.4 WSW, CA US","2024-02-01",,,
"US1CASM0044","EL GRANADA 0.4 WSW, CA US","2024-02-02",,,
"US1CASM0044","EL GRANADA 0.4 WSW, CA US","2024-02-03",,,
"US1CASM0044","EL GRANADA 0.4 WSW, CA US","2024-02-04",,,
"US1CASM0044","EL GRANADA 0.4 WSW, CA US","2024-02-05",,,
"US1CASM0044","EL GRANADA 0.4 WSW, CA US","2024-02-06",,,
"US1CASM0044","EL GRANADA 0.4 WSW, CA US","2024-02-07",,,
"US1CASM0044","EL GRANADA 0.4 WSW, CA US","2024-02-08",,,
"US1CASM0044","EL GRANADA 0.4 WSW, CA US","2024-02-09",,,
"US1CASM0044","EL GRANADA 0.4 WSW, CA US","2024-02-10",,,
"US1CASM0044","EL GRANADA 0.4 WSW, CA US","2024-02-11",,,
"US1CASM0044","EL GRANADA 0.4 WSW, CA US","2024-02-12",,,
"US1CASM0044","EL GRANADA 0.4 WSW, CA US","2024-02-13",,,
"US1CASM0044","EL GRANADA 0.4 WSW, CA US","2024-02-14",,,
"US1CASM0044","EL GRANADA 0.4 WSW, CA US","2024-02-15",,,
"US1CASM0044","EL GRANADA 0.4 WSW, CA US","2024-02-16",,,
"US1CASM0046","SAN MATEO 0.1 S, CA US","2024-02-01",,,
"US1CASM0046","SAN MATEO 0.1 S, CA US","2024-02-02",,,
"US1CASM0046","SAN MATEO 0.1 S, CA US","2024-02-03",,,
"US1CASM0046","SAN MATEO 0.1 S, CA US","2024-02-04",,,
"US1CASM0046","SAN MATEO 0.1 S, CA US","2024-02-05",,,
"US1CASM0046","SAN MATEO 0.1 S, CA US","2024-02-06",,,
"US1CASM0046","SAN MATEO 0.1 S, CA US","2024-02-07",,,
"US1CASM0046","SAN MATEO 0.1 S, CA US","2024-02-08",,,
"US1CASM0046","SAN MATEO 0.1 S, CA US","2024-02-09",,,
"US1CASM0046","SAN MATEO 0.1 S, CA US","2024-02-10",,,
"US1CASM0046","SAN MATEO 0.1 S, CA US","2024-02-11",,,
"US1CASM0046","SAN MATEO 0.1 S, CA US","2024-02-12",,,
"US1CASM0001","PACIFICA 0.3 W, CA US","2024-02-01",,,
"US1CASM0001","PACIFICA 0.3 W, CA US","2024-02-02",,,
"US1CASM0001","PACIFICA 0.3 W, CA US","2024-02-03",,,
"US1CASM0001","PACIFICA 0.3 W, CA US","2024-02-04",,,
"US1CASM0001","PACIFICA 0.3 W, CA US","2024-02-05",,,
"US1CASM0001","PACIFICA 0.3 W, CA US","2024-02-06",,,
"US1CASM0001","PACIFICA 0.3 W, CA US","2024-02-07",,,
"US1CASM0001","PACIFICA 0.3 W, CA US","2024-02-08",,,
"US1CASM0001","PACIFICA 0.3 W, CA US","2024-02-09",,,
"US1CASM0001","PACIFICA 0.3 W, CA US","2024-02-10",,,
"US1CASM0001","PACIFICA 0.3 W, CA US","2024-02-11",,,
"US1CASM0001","PACIFICA 0.3 W, CA US","2024-02-12",,,
"US1CASM0001","PACIFICA 0.3 W, CA US","2024-02-13",,,
"US1CASM0045","REDWOOD CITY 2.5 S, CA US","2024-02-01",,,
"US1CASM0045","REDWOOD CITY 2.5 S, CA US","2024-02-02",,,
"US1CASM0045","REDWOOD CITY 2.5 S, CA US","2024-02-03",,,
"US1CASM0045","REDWOOD CITY 2.5 S, CA US","2024-02-04",,,
"US1CASM0045","REDWOOD CITY 2.5 S, CA US","2024-02-05",,,
"US1CASM0045","REDWOOD CITY 2.5 S, CA US","2024-02-07",,,
"US1CASM0045","REDWOOD CITY 2.5 S, CA US","2024-02-08",,,
"US1CASM0045","REDWOOD CITY 2.5 S, CA US","2024-02-10",,,
"US1CASM0045","REDWOOD CITY 2.5 S, CA US","2024-02-13",,,
"US1CASM0045","REDWOOD CITY 2.5 S, CA US","2024-02-14",,,
"US1CASM0045","REDWOOD CITY 2.5 S, CA US","2024-02-15",,,
"US1CASM0048","BURLINGAME 1.5 SE, CA US","2024-02-01",,,
"US1CASM0048","BURLINGAME 1.5 SE, CA US","2024-02-02",,,
"US1CASM0048","BURLINGAME 1.5 SE, CA US","2024-02-03",,,
"US1CASM0048","BURLINGAME 1.5 SE, CA US","2024-02-05",,,
"US1CASM0048","BURLINGAME 1.5 SE, CA US","2024-02-06",,,
"US1CASM0048","BURLINGAME 1.5 SE, CA US","2024-02-07",,,
"US1CASM0048","BURLINGAME 1.5 SE, CA US","2024-02-08",,,
"US1CASM0048","BURLINGAME 1.5 SE, CA US","2024-02-09",,,
"US1CASM0048","BURLINGAME 1.5 SE, CA US","2024-02-10",,,
"US1CASM0048","BURLINGAME 1.5 SE, CA US","2024-02-11",,,
"US1CASM0048","BURLINGAME 1.5 SE, CA US","2024-02-12",,,
"US1CASM0048","BURLINGAME 1.5 SE, CA US","2024-02-13",,,
"US1CASM0048","BURLINGAME 1.5 SE, CA US","2024-02-14",,,
"US1CASM0048","BURLINGAME 1.5 SE, CA US","2024-02-15",,,
"US1CASM0047","HALF MOON BAY 0.4 NNE, CA US","2024-02-01",,,
"US1CASM0047","HALF MOON BAY 0.4 NNE, CA US","2024-02-02",,,
"US1CASM0047","HALF MOON BAY 0.4 NNE, CA US","2024-02-03",,,
"US1CASM0047","HALF MOON BAY 0.4 NNE, CA US","2024-02-04",,,
"US1CASM0047","HALF MOON BAY 0.4 NNE, CA US","2024-02-05",,,
"US1CASM0047","HALF MOON BAY 0.4 NNE, CA US","2024-02-06",,,
"US1CASM0047","HALF MOON BAY 0.4 NNE, CA US","2024-02-07",,,
"US1CASM0047","HALF MOON BAY 0.4 NNE, CA US","2024-02-08",,,
"US1CASM0047","HALF MOON BAY 0.4 NNE, CA US","2024-02-09",,,
"US1CASM0047","HALF MOON BAY 0.4 NNE, CA US","2024-02-11",,,
"US1CASM0047","HALF MOON BAY 0.4 NNE, CA US","2024-02-13",,,
"US1CASM0047","HALF MOON BAY 0.4 NNE, CA US","2024-02-14",,,
"US1CASM0047","HALF MOON BAY 0.4 NNE, CA US","2024-02-15",,,
"US1CASM0047","HALF MOON BAY 0.4 NNE, CA US","2024-02-16",,,
"US1CASM0039","BURLINGAME 0.8 WSW, CA US","2024-02-01",,,
"US1CASM0039","BURLINGAME 0.8 WSW, CA US","2024-02-02",,,
"US1CASM0039","BURLINGAME 0.8 WSW, CA US","2024-02-03",,,
"US1CASM0039","BURLINGAME 0.8 WSW, CA US","2024-02-04",,,
"US1CASM0039","BURLINGAME 0.8 WSW, CA US","2024-02-05",,,
"US1CASM0039","BURLINGAME 0.8 WSW, CA US","2024-02-07",,,
"US1CASM0039","BURLINGAME 0.8 WSW, CA US","2024-02-14",,,
"US1CASM0039","BURLINGAME 0.8 WSW, CA US","2024-02-15",,,
"US1CACC0006","LAFAYETTE 0.7 E, CA US","2024-02-01",,,
"US1CACC0006","LAFAYETTE 0.7 E, CA US","2024-02-02",,,
"US1CACC0006","LAFAYETTE 0.7 E, CA US","2024-02-03",,,
"US1CACC0006","LAFAYETTE 0.7 E, CA US","2024-02-04",,,
"US1CACC0006","LAFAYETTE 0.7 E, CA US","2024-02-05",,,
"US1CACC0006","LAFAYETTE 0.7 E, CA US","2024-02-06",,,
"US1CACC0006","LAFAYETTE 0.7 E, CA US","2024-02-07",,,
"US1CACC0006","LAFAYETTE 0.7 E, CA US","2024-02-08",,,
"US1CACC0006","LAFAYETTE 0.7 E, CA US","2024-02-09",,,
"US1CACC0006","LAFAYETTE 0.7 E, CA US","2024-02-10",,,
"US1CACC0006","LAFAYETTE 0.7 E, CA US","2024-02-11",,,
"US1CACC0006","LAFAYETTE 0.7 E, CA US","2024-02-13",,,
"US1CACC0006","LAFAYETTE 0.7 E, CA US","2024-02-14",,,
"US1CACC0006","LAFAYETTE 0.7 E, CA US","2024-02-15",,,
"US1CACC0006","LAFAYETTE 0.7 E, CA US","2024-02-16",,,
"US1CAMR0016","SAUSALITO 0.3 WNW, CA US","2024-02-01",,,
"US1CAMR0016","SAUSALITO 0.3 WNW, CA US","2024-02-02",,,
"US1CAMR0016","SAUSALITO 0.3 WNW, CA US","2024-02-03",,,
"US1CAMR0016","SAUSALITO 0.3 WNW, CA US","2024-02-04",,,
"US1CAMR0016","SAUSALITO 0.3 WNW, CA US","2024-02-05",,,
"US1CAMR0016","SAUSALITO 0.3 WNW, CA US","2024-02-06",,,
"US1CAMR0016","SAUSALITO 0.3 WNW, CA US","2024-02-13",,,
"US1CAMR0016","SAUSALITO 0.3 WNW, CA US","2024-02-14",,,
"US1CAMR0016","SAUSALITO 0.3 WNW, CA US","2024-02-15",,,
"US1CASM0038","SAN CARLOS 0.2 NW, CA US","2024-02-01",,,
"US1CASM0038","SAN CARLOS 0.2 NW, CA US","2024-02-02",,,
"US1CASM0038","SAN CARLOS 0.2 NW, CA US","2024-02-03",,,
"US1CASM0038","SAN CARLOS 0.2 NW, CA US","2024-02-04",,,
"US1CASM0038","SAN CARLOS 0.2 NW, CA US","2024-02-05",,,
"US1CASM0038","SAN CARLOS 0.2 NW, CA US","2024-02-06",,,
"US1CASM0038","SAN CARLOS 0.2 NW, CA US","2024-02-07",,,
"US1CASM0038","SAN CARLOS 0.2 NW, CA US","2024-02-08",,,
"US1CASM0038","SAN CARLOS 0.2 NW, CA US","2024-02-09",,,
"US1CASM0038","SAN CARLOS 0.2 NW, CA US","2024-02-10",,,
"US1CASM0038","SAN CARLOS 0.2 NW, CA US","2024-02-11",,,
"US1CASM0038","SAN CARLOS 0.2 NW, CA US","2024-02-12",,,
"US1CASM0038","SAN CARLOS 0.2 NW, CA US","2024-02-13",,,
"US1CASM0038","SAN CARLOS 0.2 NW, CA US","2024-02-14",,,
"US1CASM0038","SAN CARLOS 0.2 NW, CA US","2024-02-15",,,
"USC00047339","REDWOOD CITY, CA US","2024-02-01",,"60","49"
"USC00047339","REDWOOD CITY, CA US","2024-02-02",,"58","44"
"USC00047339","REDWOOD CITY, CA US","2024-02-03",,"56","44"
"USC00047339","REDWOOD CITY, CA US","2024-02-04",,"61","47"
"USC00047339","REDWOOD CITY, CA US","2024-02-05",,"60","48"
"USC00047339","REDWOOD CITY, CA US","2024-02-06",,"59","41"
"USC00047339","REDWOOD CITY, CA US","2024-02-07",,"52","47"
"USC00047339","REDWOOD CITY, CA US","2024-02-08",,"56","37"
"USC00047339","REDWOOD CITY, CA US","2024-02-09",,"59","36"
"USC00047339","REDWOOD CITY, CA US","2024-02-10",,"62","38"
"USC00047339","REDWOOD CITY, CA US","2024-02-11",,"60","38"
"USC00047339","REDWOOD CITY, CA US","2024-02-12",,"61","41"
"USC00047339","REDWOOD CITY, CA US","2024-02-13",,"61","42"
"USC00047339","REDWOOD CITY, CA US","2024-02-14",,"59","45"
"USC00047339","REDWOOD CITY, CA US","2024-02-15",,"63","46"
"US1CACC0004","WALNUT CREEK 1.7 SSE, CA US","2024-02-01",,,
"US1CACC0004","WALNUT CREEK 1.7 SSE, CA US","2024-02-02",,,
"US1CACC0004","WALNUT CREEK 1.7 SSE, CA US","2024-02-03",,,
"US1CACC0004","WALNUT CREEK 1.7 SSE, CA US","2024-02-04",,,
"US1CACC0004","WALNUT CREEK 1.7 SSE, CA US","2024-02-05",,,
"US1CACC0004","WALNUT CREEK 1.7 SSE, CA US","2024-02-06",,,
"US1CACC0004","WALNUT CREEK 1.7 SSE, CA US","2024-02-07",,,
"US1CACC0004","WALNUT CREEK 1.7 SSE, CA US","2024-02-08",,,
"US1CACC0004","WALNUT CREEK 1.7 SSE, CA US","2024-02-09",,,
"US1CACC0004","WALNUT CREEK 1.7 SSE, CA US","2024-02-10",,,
"US1CACC0004","WALNUT CREEK 1.7 SSE, CA US","2024-02-11",,,
"US1CACC0004","WALNUT CREEK 1.7 SSE, CA US","2024-02-12",,,
"US1CACC0004","WALNUT CREEK 1.7 SSE, CA US","2024-02-13",,,
"US1CAMR0058","FAIRFAX 1.3 SW, CA US","2024-02-01",,,
"US1CAMR0058","FAIRFAX 1.3 SW, CA US","2024-02-02",,,
"US1CAMR0058","FAIRFAX 1.3 SW, CA US","2024-02-03",,,
"US1CAMR0058","FAIRFAX 1.3 SW, CA US","2024-02-04",,,
"US1CAMR0058","FAIRFAX 1.3 SW, CA US","2024-02-05",,,
"US1CAMR0058","FAIRFAX 1.3 SW, CA US","2024-02-06",,,
"US1CAMR0058","FAIRFAX 1.3 SW, CA US","2024-02-07",,,
"US1CAMR0058","FAIRFAX 1.3 SW, CA US","2024-02-08",,,
"US1CAMR0058","FAIRFAX 1.3 SW, CA US","2024-02-09",,,
"US1CAMR0058","FAIRFAX 1.3 SW, CA US","2024-02-10",,,
"US1CAMR0058","FAIRFAX 1.3 SW, CA US","2024-02-11",,,
"US1CAMR0058","FAIRFAX 1.3 SW, CA US","2024-02-12",,,
"US1CAMR0058","FAIRFAX 1.3 SW, CA US","2024-02-13",,,
"US1CAMR0013","MILL VALLEY 1.5 S, CA US","2024-02-01",,,
"US1CAMR0013","MILL VALLEY 1.5 S, CA US","2024-02-02",,,
"US1CAMR0013","MILL VALLEY 1.5 S, CA US","2024-02-03",,,
"US1CAMR0013","MILL VALLEY 1.5 S, CA US","2024-02-04",,,
"US1CAMR0013","MILL VALLEY 1.5 S, CA US","2024-02-05",,,
"US1CAMR0013","MILL VALLEY 1.5 S, CA US","2024-02-06",,,
"US1CAMR0013","MILL VALLEY 1.5 S, CA US","2024-02-07",,,
"US1CAMR0013","MILL VALLEY 1.5 S, CA US","2024-02-08",,,
"US1CAMR0013","MILL VALLEY 1.5 S, CA US","2024-02-09",,,
"US1CAMR0013","MILL VALLEY 1.5 S, CA US","2024-02-10",,,
"US1CAMR0013","MILL VALLEY 1.5 S, CA US","2024-02-11",,,
"US1CAMR0013","MILL VALLEY 1.5 S, CA US","2024-02-12",,,
"US1CAMR0013","MILL VALLEY 1.5 S, CA US","2024-02-13",,,
"US1CAMR0013","MILL VALLEY 1.5 S, CA US","2024-02-14",,,
"US1CAMR0013","MILL VALLEY 1.5 S, CA US","2024-02-15",,,
"US1CAMR0013","MILL VALLEY 1.5 S, CA US","2024-02-16",,,
"USC00044500","KENTFIELD, CA US","2024-02-01",,"55","48"
"USC00044500","KENTFIELD, CA US","2024-02-02",,"55","44"
"USC00044500","KENTFIELD, CA US","2024-02-03",,"53","42"
"USC00044500","KENTFIELD, CA US","2024-02-04",,"57","46"
"USC00044500","KENTFIELD, CA US","2024-02-05",,"59","52"
"USC00044500","KENTFIELD, CA US","2024-02-06",,"58","44"
"USC00044500","KENTFIELD, CA US","2024-02-07",,"56","46"
"USC00044500","KENTFIELD, CA US","2024-02-08",,"56","36"
"USC00044500","KENTFIELD, CA US","2024-02-09",,"56","37"
"USC00044500","KENTFIELD, CA US","2024-02-10",,"64","40"
"USC00044500","KENTFIELD, CA US","2024-02-11",,"64","41"
"USC00044500","KENTFIELD, CA US","2024-02-12",,"61","39"
"USC00044500","KENTFIELD, CA US","2024-02-13",,"61","44"
"USC00044500","KENTFIELD, CA US","2024-02-14",,"56","47"
"USC00044500","KENTFIELD, CA US","2024-02-15",,"61","45"
"USC00047414","RICHMOND, CA US","2024-02-01",,"58","49"
"USC00047414","RICHMOND, CA US","2024-02-03",,"58","47"
"USC00047414","RICHMOND, CA US","2024-02-06",,"57","44"
"USC00047414","RICHMOND, CA US","2024-02-07",,"58","45"
"USC00047414","RICHMOND, CA US","2024-02-08",,"57","41"
"USC00047414","RICHMOND, CA US","2024-02-10",,"63","44"
"USC00047414","RICHMOND, CA US","2024-02-13",,"60","47"
"USC00047414","RICHMOND, CA US","2024-02-14",,"57","50"
"USC00047414","RICHMOND, CA US","2024-02-15",,"59","51"
"US1CACC0046","CONCORD 0.6 N, CA US","2024-02-01",,,
"US1CACC0046","CONCORD 0.6 N, CA US","2024-02-02",,,
"US1CACC0046","CONCORD 0.6 N, CA US","2024-02-03",,,
"US1CACC0046","CONCORD 0.6 N, CA US","2024-02-04",,,
"US1CACC0046","CONCORD 0.6 N, CA US","2024-02-05",,,
"US1CACC0046","CONCORD 0.6 N, CA US","2024-02-06",,,
"US1CACC0046","CONCORD 0.6 N, CA US","2024-02-07",,,
"US1CACC0046","CONCORD 0.6 N, CA US","2024-02-08",,,
"US1CACC0046","CONCORD 0.6 N, CA US","2024-02-09",,,
"US1CACC0046","CONCORD 0.6 N, CA US","2024-02-10",,,
"US1CACC0046","CONCORD 0.6 N, CA US","2024-02-11",,,
"US1CACC0046","CONCORD 0.6 N, CA US","2024-02-12",,,
"US1CACC0046","CONCORD 0.6 N, CA US","2024-02-13",,,
"US1CACC0046","CONCORD 0.6 N, CA US","2024-02-15",,,
"US1CACC0046","CONCORD 0.6 N, CA US","2024-02-16",,,
"US1CACC0001","MARTINEZ 0.8 SSE, CA US","2024-02-01",,,
"US1CACC0001","MARTINEZ 0.8 SSE, CA US","2024-02-02",,,
"US1CACC0001","MARTINEZ 0.8 SSE, CA US","2024-02-03",,,
"US1CACC0001","MARTINEZ 0.8 SSE, CA US","2024-02-04",,,
"US1CACC0001","MARTINEZ 0.8 SSE, CA US","2024-02-05",,,
"US1CACC0001","MARTINEZ 0.8 SSE, CA US","2024-02-06",,,
"US1CACC0001","MARTINEZ 0.8 SSE, CA US","2024-02-07",,,
"US1CACC0001","MARTINEZ 0.8 SSE, CA US","2024-02-08",,,
"US1CACC0001","MARTINEZ 0.8 SSE, CA US","2024-02-09",,,
"US1CACC0001","MARTINEZ 0.8 SSE, CA US","2024-02-10",,,
"US1CACC0001","MARTINEZ 0.8 SSE, CA US","2024-02-11",,,
"US1CACC0001","MARTINEZ 0.8 SSE, CA US","2024-02-12",,,
"US1CACC0001","MARTINEZ 0.8 SSE, CA US","2024-02-13",,,
"US1CACC0045","DANVILLE 1.9 W, CA US","2024-02-01",,,
"US1CACC0045","DANVILLE 1.9 W, CA US","2024-02-02",,,
"US1CACC0045","DANVILLE 1.9 W, CA US","2024-02-03",,,
"US1CACC0045","DANVILLE 1.9 W, CA US","2024-02-04",,,
"US1CACC0045","DANVILLE 1.9 W, CA US","2024-02-05",,,
"US1CACC0045","DANVILLE 1.9 W, CA US","2024-02-06",,,
"US1CACC0045","DANVILLE 1.9 W, CA US","2024-02-07",,,
"US1CACC0045","DANVILLE 1.9 W, CA US","2024-02-08",,,
"US1CACC0045","DANVILLE 1.9 W, CA US","2024-02-09",,,
"US1CACC0045","DANVILLE 1.9 W, CA US","2024-02-10",,,
"US1CACC0045","DANVILLE 1.9 W, CA US","2024-02-11",,,
"US1CACC0045","DANVILLE 1.9 W, CA US","2024-02-12",,,
"US1CACC0045","DANVILLE 1.9 W, CA US","2024-02-13",,,
"US1CACC0045","DANVILLE 1.9 W, CA US","2024-02-14",,,
"US1CACC0045","DANVILLE 1.9 W, CA US","2024-02-15",,,
"US1CAMR0054","LARKSPUR 1.0 SW, CA US","2024-02-01",,,
"US1CAMR0054","LARKSPUR 1.0 SW, CA US","2024-02-02",,,
"US1CAMR0054","LARKSPUR 1.0 SW, CA US","2024-02-03",,,
"US1CAMR0054","LARKSPUR 1.0 SW, CA US","2024-02-04",,,
"US1CAMR0054","LARKSPUR 1.0 SW, CA US","2024-02-08",,,
"US1CAMR0054","LARKSPUR 1.0 SW, CA US","2024-02-09",,,
"US1CAMR0054","LARKSPUR 1.0 SW, CA US","2024-02-15",,,
"US1CAMR0053","CORTE MADERA 0.8 SSE, CA US","2024-02-01",,,
"US1CAMR0053","CORTE MADERA 0.8 SSE, CA US","2024-02-02",,,
"US1CAMR0053","CORTE MADERA 0.8 SSE, CA US","2024-02-03",,,
"US1CAMR0053","CORTE MADERA 0.8 SSE, CA US","2024-02-04",,,
"US1CAMR0053","CORTE MADERA 0.8 SSE, CA US","2024-02-06",,,
"US1CAMR0053","CORTE MADERA 0.8 SSE, CA US","2024-02-07",,,
"US1CAMR0053","CORTE MADERA 0.8 SSE, CA US","2024-02-08",,,
"US1CAMR0053","CORTE MADERA 0.8 SSE, CA US","2024-02-14",,,
"US1CAMR0053","CORTE MADERA 0.8 SSE, CA US","2024-02-15",,,
"USW00023272","SAN FRANCISCO DOWNTOWN, CA US","2024-02-01",,"60","49"
"USW00023272","SAN FRANCISCO DOWNTOWN, CA US","2024-02-02",,"58","49"
"USW00023272","SAN FRANCISCO DOWNTOWN, CA US","2024-02-03",,"55","48"
"USW00023272","SAN FRANCISCO DOWNTOWN, CA US","2024-02-04",,"61","47"
"USW00023272","SAN FRANCISCO DOWNTOWN, CA US","2024-02-05",,"57","50"
"USW00023272","SAN FRANCISCO DOWNTOWN, CA US","2024-02-06",,"57","47"
"USW00023272","SAN FRANCISCO DOWNTOWN, CA US","2024-02-07",,"53","48"
"USW00023272","SAN FRANCISCO DOWNTOWN, CA US","2024-02-08",,"55","43"
"USW00023272","SAN FRANCISCO DOWNTOWN, CA US","2024-02-09",,"57","45"
"USW00023272","SAN FRANCISCO DOWNTOWN, CA US","2024-02-10",,"62","47"
"USW00023272","SAN FRANCISCO DOWNTOWN, CA US","2024-02-11",,"59","48"
"USW00023272","SAN FRANCISCO DOWNTOWN, CA US","2024-02-12",,"60","47"
"USW00023272","SAN FRANCISCO DOWNTOWN, CA US","2024-02-13",,"58","49"
"USW00023272","SAN FRANCISCO DOWNTOWN, CA US","2024-02-14",,"58","51"
"US1CAAL0034","BERKELEY 1.1 NE, CA US","2024-02-01",,,
"US1CAAL0034","BERKELEY 1.1 NE, CA US","2024-02-02",,,
"US1CAAL0034","BERKELEY 1.1 NE, CA US","2024-02-03",,,
"US1CAAL0034","BERKELEY 1.1 NE, CA US","2024-02-04",,,
"US1CAAL0034","BERKELEY 1.1 NE, CA US","2024-02-05",,,
"US1CAAL0034","BERKELEY 1.1 NE, CA US","2024-02-06",,,
"US1CAAL0034","BERKELEY 1.1 NE, CA US","2024-02-07",,,
"US1CAAL0034","BERKELEY 1.1 NE, CA US","2024-02-08",,,
"US1CAAL0034","BERKELEY 1.1 NE, CA US","2024-02-09",,,
"US1CAAL0034","BERKELEY 1.1 NE, CA US","2024-02-10",,,
"US1CAAL0034","BERKELEY 1.1 NE, CA US","2024-02-11",,,
"US1CAAL0034","BERKELEY 1.1 NE, CA US","2024-02-12",,,
"US1CAAL0034","BERKELEY 1.1 NE, CA US","2024-02-13",,,
"US1CAAL0034","BERKELEY 1.1 NE, CA US","2024-02-14",,,
"US1CAAL0034","BERKELEY 1.1 NE, CA US","2024-02-15",,,
"USW00023230","OAKLAND INTERNATIONAL AIRPORT, CA US","2024-02-01",,"59","50"
"USW00023230","OAKLAND INTERNATIONAL AIRPORT, CA US","2024-02-02",,"59","48"
"USW00023230","OAKLAND INTERNATIONAL AIRPORT, CA US","2024-02-03",,"57","47"
"USW00023230","OAKLAND INTERNATIONAL AIRPORT, CA US","2024-02-04",,"60","47"
"USW00023230","OAKLAND INTERNATIONAL AIRPORT, CA US","2024-02-05",,"59","50"
"USW00023230","OAKLAND INTERNATIONAL AIRPORT, CA US","2024-02-06",,"58","43"
"USW00023230","OAKLAND INTERNATIONAL AIRPORT, CA US","2024-02-07",,"55","42"
"USW00023230","OAKLAND INTERNATIONAL AIRPORT, CA US","2024-02-08",,"55","36"
"USW00023230","OAKLAND INTERNATIONAL AIRPORT, CA US","2024-02-09",,"56","39"
"USW00023230","OAKLAND INTERNATIONAL AIRPORT, CA US","2024-02-10",,"61","43"
"USW00023230","OAKLAND INTERNATIONAL AIRPORT, CA US","2024-02-11",,"60","45"
"USW00023230","OAKLAND INTERNATIONAL AIRPORT, CA US","2024-02-12",,"59","42"
"USW00023230","OAKLAND INTERNATIONAL AIRPORT, CA US","2024-02-13",,"57","43"
"USW00023230","OAKLAND INTERNATIONAL AIRPORT, CA US","2024-02-14",,"59","48"
"USW00023230","OAKLAND INTERNATIONAL AIRPORT, CA US","2024-02-15",,"61","49"
"US1CAAL0030","OAKLAND 1.2 ENE, CA US","2024-02-01",,,
"US1CAAL0030","OAKLAND 1.2 ENE, CA US","2024-02-02",,,
"US1CAAL0030","OAKLAND 1.2 ENE, CA US","2024-02-03",,,
"US1CAAL0030","OAKLAND 1.2 ENE, CA US","2024-02-04",,,
"US1CAAL0030","OAKLAND 1.2 ENE, CA US","2024-02-05",,,
"US1CAAL0030","OAKLAND 1.2 ENE, CA US","2024-02-06",,,
"US1CAAL0030","OAKLAND 1.2 ENE, CA US","2024-02-07",,,
"US1CAAL0030","OAKLAND 1.2 ENE, CA US","2024-02-08",,,
"US1CAAL0030","OAKLAND 1.2 ENE, CA US","2024-02-09",,,
"US1CAAL0030","OAKLAND 1.2 ENE, CA US","2024-02-10",,,
"US1CAAL0030","OAKLAND 1.2 ENE, CA US","2024-02-11",,,
"US1CAAL0030","OAKLAND 1.2 ENE, CA US","2024-02-12",,,
"US1CAAL0030","OAKLAND 1.2 ENE, CA US","2024-02-13",,,
"US1CAAL0030","OAKLAND 1.2 ENE, CA US","2024-02-14",,,
"US1CAAL0030","OAKLAND 1.2 ENE, CA US","2024-02-15",,,
"USR0000CBKD","BLACK DIAMOND CALIFORNIA, CA US","2024-02-01","48","52","45"
"USR0000CBKD","BLACK DIAMOND CALIFORNIA, CA US","2024-02-02","45","49","43"
"USR0000CBKD","BLACK DIAMOND CALIFORNIA, CA US","2024-02-03","44","46","41"
"USR0000CBKD","BLACK DIAMOND CALIFORNIA, CA US","2024-02-04","47","53","42"
"USR0000CBKD","BLACK DIAMOND CALIFORNIA, CA US","2024-02-05","48","53","44"
"USR0000CBKD","BLACK DIAMOND CALIFORNIA, CA US","2024-02-06","45","48","43"
"US1CASM0033","PACIFICA 1.9 S, CA US","2024-02-01",,,
"US1CASM0033","PACIFICA 1.9 S, CA US","2024-02-02",,,
"US1CASM0033","PACIFICA 1.9 S, CA US","2024-02-03",,,
"US1CASM0033","PACIFICA 1.9 S, CA US","2024-02-04",,,
"US1CASM0033","PACIFICA 1.9 S, CA US","2024-02-05",,,
"US1CASM0033","PACIFICA 1.9 S, CA US","2024-02-06",,,
"US1CASM0033","PACIFICA 1.9 S, CA US","2024-02-08",,,
"US1CASM0033","PACIFICA 1.9 S, CA US","2024-02-16",,,
"US1CACC0040","EL CERRITO 0.3 WNW, CA US","2024-02-01",,,
"US1CACC0040","EL CERRITO 0.3 WNW, CA US","2024-02-02",,,
"US1CACC0040","EL CERRITO 0.3 WNW, CA US","2024-02-03",,,
"US1CACC0040","EL CERRITO 0.3 WNW, CA US","2024-02-04",,,
"US1CACC0040","EL CERRITO 0.3 WNW, CA US","2024-02-05",,,
"US1CACC0040","EL CERRITO 0.3 WNW, CA US","2024-02-06",,,
"US1CACC0040","EL CERRITO 0.3 WNW, CA US","2024-02-07",,,
"US1CACC0040","EL CERRITO 0.3 WNW, CA US","2024-02-08",,,
"US1CACC0040","EL CERRITO 0.3 WNW, CA US","2024-02-09",,,
"US1CACC0040","EL CERRITO 0.3 WNW, CA US","2024-02-10",,,
"US1CACC0040","EL CERRITO 0.3 WNW, CA US","2024-02-11",,,
"US1CACC0040","EL CERRITO 0.3 WNW, CA US","2024-02-12",,,
"US1CACC0040","EL CERRITO 0.3 WNW, CA US","2024-02-13",,,
"US1CASO0006","BENICIA 1.0 N, CA US","2024-02-01",,,
"US1CASO0006","BENICIA 1.0 N, CA US","2024-02-02",,,
"US1CASO0006","BENICIA 1.0 N, CA US","2024-02-03",,,
"US1CASO0006","BENICIA 1.0 N, CA US","2024-02-04",,,
"US1CASO0006","BENICIA 1.0 N, CA US","2024-02-05",,,
"US1CASO0006","BENICIA 1.0 N, CA US","2024-02-06",,,
"US1CASO0006","BENICIA 1.0 N, CA US","2024-02-08",,,
"US1CASO0006","BENICIA 1.0 N, CA US","2024-02-15",,,
"US1CASO0003","BENICIA 1.3 W, CA US","2024-02-01",,,
"US1CASO0003","BENICIA 1.3 W, CA US","2024-02-02",,,
"US1CASO0003","BENICIA 1.3 W, CA US","2024-02-03",,,
"US1CASO0003","BENICIA 1.3 W, CA US","2024-02-04",,,
"US1CASO0003","BENICIA 1.3 W, CA US","2024-02-05",,,
"US1CASO0003","BENICIA 1.3 W, CA US","2024-02-06",,,
"US1CASO0003","BENICIA 1.3 W, CA US","2024-02-08",,,
"US1CASO0003","BENICIA 1.3 W, CA US","2024-02-09",,,
"US1CASO0003","BENICIA 1.3 W, CA US","2024-02-15",,,
"USW00023234","SAN FRANCISCO INTERNATIONAL AIRPORT, CA US","2024-02-01","54","59","51"
"USW00023234","SAN FRANCISCO INTERNATIONAL AIRPORT, CA US","2024-02-02","53","58","48"
"USW00023234","SAN FRANCISCO INTERNATIONAL AIRPORT, CA US","2024-02-03","51","55","48"
"USW00023234","SAN FRANCISCO INTERNATIONAL AIRPORT, CA US","2024-02-04","53","62","49"
"USW00023234","SAN FRANCISCO INTERNATIONAL AIRPORT, CA US","2024-02-05","55","60","51"
"USW00023234","SAN FRANCISCO INTERNATIONAL AIRPORT, CA US","2024-02-06","51","58","44"
"USW00023234","SAN FRANCISCO INTERNATIONAL AIRPORT, CA US","2024-02-07","51","54","49"
"USW00023234","SAN FRANCISCO INTERNATIONAL AIRPORT, CA US","2024-02-08","48","56","40"
"USW00023234","SAN FRANCISCO INTERNATIONAL AIRPORT, CA US","2024-02-09","48","57","41"
"USW00023234","SAN FRANCISCO INTERNATIONAL AIRPORT, CA US","2024-02-10","52","61","45"
"USW00023234","SAN FRANCISCO INTERNATIONAL AIRPORT, CA US","2024-02-11","51","59","44"
"USW00023234","SAN FRANCISCO INTERNATIONAL AIRPORT, CA US","2024-02-12","51","59","46"
"USW00023234","SAN FRANCISCO INTERNATIONAL AIRPORT, CA US","2024-02-13","52","57","47"
"USW00023234","SAN FRANCISCO INTERNATIONAL AIRPORT, CA US","2024-02-14","53","59","49"
"USW00023234","SAN FRANCISCO INTERNATIONAL AIRPORT, CA US","2024-02-15","53","61","48"
"USW00023234","SAN FRANCISCO INTERNATIONAL AIRPORT, CA US","2024-02-16","53",,
"USC00043244","FREMONT, CA US","2024-02-01",,"56","47"
"USC00043244","FREMONT, CA US","2024-02-02",,"57","45"
"USC00043244","FREMONT, CA US","2024-02-03",,"56","43"
"USC00043244","FREMONT, CA US","2024-02-04",,"59","44"
"USC00043244","FREMONT, CA US","2024-02-05",,"57","47"
"USC00043244","FREMONT, CA US","2024-02-06",,"58","45"
"USC00043244","FREMONT, CA US","2024-02-07",,"53","42"
"USC00043244","FREMONT, CA US","2024-02-08",,"55","34"
"USC00043244","FREMONT, CA US","2024-02-09",,"56","36"
"USC00043244","FREMONT, CA US","2024-02-10",,"61","35"
"USC00043244","FREMONT, CA US","2024-02-11",,"59","40"
"USC00043244","FREMONT, CA US","2024-02-12",,"60","38"
"USC00043244","FREMONT, CA US","2024-02-13",,"59","40"
"USC00043244","FREMONT, CA US","2024-02-14",,"56","44"
"USC00043244","FREMONT, CA US","2024-02-15",,"63","45"
"US1CAMR0005","SAN ANSELMO 0.4 NE, CA US","2024-02-01",,,
"US1CAMR0005","SAN ANSELMO 0.4 NE, CA US","2024-02-02",,,
"US1CAMR0005","SAN ANSELMO 0.4 NE, CA US","2024-02-03",,,
"US1CAMR0005","SAN ANSELMO 0.4 NE, CA US","2024-02-04",,,
"US1CAMR0005","SAN ANSELMO 0.4 NE, CA US","2024-02-05",,,
"US1CAMR0005","SAN ANSELMO 0.4 NE, CA US","2024-02-06",,,
"US1CAMR0005","SAN ANSELMO 0.4 NE, CA US","2024-02-07",,,
"US1CAMR0005","SAN ANSELMO 0.4 NE, CA US","2024-02-08",,,
"US1CAMR0005","SAN ANSELMO 0.4 NE, CA US","2024-02-09",,,
"US1CAMR0005","SAN ANSELMO 0.4 NE, CA US","2024-02-10",,,
"US1CAMR0005","SAN ANSELMO 0.4 NE, CA US","2024-02-11",,,
"US1CAMR0005","SAN ANSELMO 0.4 NE, CA US","2024-02-12",,,
"US1CAMR0005","SAN ANSELMO 0.4 NE, CA US","2024-02-13",,,
"US1CAMR0005","SAN ANSELMO 0.4 NE, CA US","2024-02-14",,,
"US1CAMR0005","SAN ANSELMO 0.4 NE, CA US","2024-02-15",,,
"US1CAMR0049","SAN RAFAEL 3.7 WNW, CA US","2024-02-01",,,
"US1CAMR0049","SAN RAFAEL 3.7 WNW, CA US","2024-02-03",,,
"US1CAMR0049","SAN RAFAEL 3.7 WNW, CA US","2024-02-05",,,
"US1CAMR0049","SAN RAFAEL 3.7 WNW, CA US","2024-02-07",,,
"US1CAMR0049","SAN RAFAEL 3.7 WNW, CA US","2024-02-08",,,
"US1CAMR0049","SAN RAFAEL 3.7 WNW, CA US","2024-02-15",,,
"US1CASO0010","BENICIA 1.3 SW, CA US","2024-02-01",,,
"US1CASO0010","BENICIA 1.3 SW, CA US","2024-02-02",,,
"US1CASO0010","BENICIA 1.3 SW, CA US","2024-02-03",,,
"US1CASO0010","BENICIA 1.3 SW, CA US","2024-02-04",,,
"US1CASO0010","BENICIA 1.3 SW, CA US","2024-02-05",,,
"US1CASO0010","BENICIA 1.3 SW, CA US","2024-02-06",,,
"US1CASO0010","BENICIA 1.3 SW, CA US","2024-02-08",,,
"US1CASO0010","BENICIA 1.3 SW, CA US","2024-02-15",,,
"US1CASF0017","SAN FRANCISCO 1.6 SE, CA US","2024-02-01",,,
"US1CASF0017","SAN FRANCISCO 1.6 SE, CA US","2024-02-02",,,
"US1CASF0017","SAN FRANCISCO 1.6 SE, CA US","2024-02-05",,,
"US1CASF0017","SAN FRANCISCO 1.6 SE, CA US","2024-02-06",,,
"US1CASF0017","SAN FRANCISCO 1.6 SE, CA US","2024-02-07",,,
"US1CASF0017","SAN FRANCISCO 1.6 SE, CA US","2024-02-08",,,
"US1CASF0017","SAN FRANCISCO 1.6 SE, CA US","2024-02-09",,,
"US1CASF0017","SAN FRANCISCO 1.6 SE, CA US","2024-02-10",,,
"US1CASF0017","SAN FRANCISCO 1.6 SE, CA US","2024-02-11",,,
"US1CASF0017","SAN FRANCISCO 1.6 SE, CA US","2024-02-12",,,
"US1CASF0017","SAN FRANCISCO 1.6 SE, CA US","2024-02-13",,,
"US1CASF0017","SAN FRANCISCO 1.6 SE, CA US","2024-02-14",,,
"US1CASF0017","SAN FRANCISCO 1.6 SE, CA US","2024-02-15",,,
"US1CASF0017","SAN FRANCISCO 1.6 SE, CA US","2024-02-16",,,
"US1CACC0011","MARTINEZ 2.2 SW, CA US","2024-02-01",,,
"US1CACC0011","MARTINEZ 2.2 SW, CA US","2024-02-02",,,
"US1CACC0011","MARTINEZ 2.2 SW, CA US","2024-02-03",,,
"US1CACC0011","MARTINEZ 2.2 SW, CA US","2024-02-04",,,
"US1CACC0011","MARTINEZ 2.2 SW, CA US","2024-02-05",,,
"US1CACC0011","MARTINEZ 2.2 SW, CA US","2024-02-06",,,
"US1CACC0011","MARTINEZ 2.2 SW, CA US","2024-02-07",,,
"US1CACC0011","MARTINEZ 2.2 SW, CA US","2024-02-08",,,
"US1CACC0011","MARTINEZ 2.2 SW, CA US","2024-02-09",,,
"US1CACC0011","MARTINEZ 2.2 SW, CA US","2024-02-10",,,
"US1CACC0011","MARTINEZ 2.2 SW, CA US","2024-02-11",,,
"US1CACC0011","MARTINEZ 2.2 SW, CA US","2024-02-12",,,
"US1CACC0011","MARTINEZ 2.2 SW, CA US","2024-02-13",,,
"US1CACC0011","MARTINEZ 2.2 SW, CA US","2024-02-14",,,
"US1CACC0011","MARTINEZ 2.2 SW, CA US","2024-02-15",,,
"US1CACC0011","MARTINEZ 2.2 SW, CA US","2024-02-16",,,
"US1CACC0010","LAFAYETTE 1.9 WSW, CA US","2024-02-03",,,
"US1CACC0010","LAFAYETTE 1.9 WSW, CA US","2024-02-04",,,
"US1CACC0010","LAFAYETTE 1.9 WSW, CA US","2024-02-05",,,
"US1CACC0010","LAFAYETTE 1.9 WSW, CA US","2024-02-06",,,
"US1CACC0010","LAFAYETTE 1.9 WSW, CA US","2024-02-07",,,
"US1CACC0010","LAFAYETTE 1.9 WSW, CA US","2024-02-08",,,
"US1CACC0010","LAFAYETTE 1.9 WSW, CA US","2024-02-09",,,
"US1CACC0010","LAFAYETTE 1.9 WSW, CA US","2024-02-10",,,
"US1CACC0010","LAFAYETTE 1.9 WSW, CA US","2024-02-11",,,
"US1CACC0010","LAFAYETTE 1.9 WSW, CA US","2024-02-12",,,
"US1CACC0010","LAFAYETTE 1.9 WSW, CA US","2024-02-13",,,
"US1CACC0010","LAFAYETTE 1.9 WSW, CA US","2024-02-14",,,
"US1CACC0010","LAFAYETTE 1.9 WSW, CA US","2024-02-15",,,
"USC00047880","SAN RAFAEL CIVIC CENTER, CA US","2024-02-01",,"57","48"
"USC00047880","SAN RAFAEL CIVIC CENTER, CA US","2024-02-02",,"58","45"
"USC00047880","SAN RAFAEL CIVIC CENTER, CA US","2024-02-03",,"55","43"
"USC00047880","SAN RAFAEL CIVIC CENTER, CA US","2024-02-04",,"60","46"
"USC00047880","SAN RAFAEL CIVIC CENTER, CA US","2024-02-05",,"60","45"
"USC00047880","SAN RAFAEL CIVIC CENTER, CA US","2024-02-06",,"64","44"
"USC00047880","SAN RAFAEL CIVIC CENTER, CA US","2024-02-07",,"54","44"
"USC00047880","SAN RAFAEL CIVIC CENTER, CA US","2024-02-08",,"56","37"
"USC00047880","SAN RAFAEL CIVIC CENTER, CA US","2024-02-09",,"61","39"
"USC00047880","SAN RAFAEL CIVIC CENTER, CA US","2024-02-10",,"69","43"
"USC00047880","SAN RAFAEL CIVIC CENTER, CA US","2024-02-11",,"65","43"
"USC00047880","SAN RAFAEL CIVIC CENTER, CA US","2024-02-12",,"64","40"
"USC00047880","SAN RAFAEL CIVIC CENTER, CA US","2024-02-13",,"60","45"
"USC00047880","SAN RAFAEL CIVIC CENTER, CA US","2024-02-14",,"55","49"
"USC00047880","SAN RAFAEL CIVIC CENTER, CA US","2024-02-15",,"60","45"
"US1CAMR0040","FAIRFAX 0.7 N, CA US","2024-02-01",,,
"US1CAMR0040","FAIRFAX 0.7 N, CA US","2024-02-02",,,
"US1CAMR0040","FAIRFAX 0.7 N, CA US","2024-02-04",,,
"US1CAMR0040","FAIRFAX 0.7 N, CA US","2024-02-05",,,
"US1CAMR0040","FAIRFAX 0.7 N, CA US","2024-02-06",,,
"US1CAMR0040","FAIRFAX 0.7 N, CA US","2024-02-08",,,
"US1CAMR0040","FAIRFAX 0.7 N, CA US","2024-02-09",,,
"US1CAMR0040","FAIRFAX 0.7 N, CA US","2024-02-15",,,
"US1CAMR0045","MILL VALLEY 2.1 S, CA US","2024-02-01",,,
"US1CAMR0045","MILL VALLEY 2.1 S, CA US","2024-02-02",,,
"US1CAMR0045","MILL VALLEY 2.1 S, CA US","2024-02-04",,,
"US1CAMR0045","MILL VALLEY 2.1 S, CA US","2024-02-05",,,
"US1CAMR0045","MILL VALLEY 2.1 S, CA US","2024-02-06",,,
"US1CAMR0045","MILL VALLEY 2.1 S, CA US","2024-02-07",,,
"US1CAMR0045","MILL VALLEY 2.1 S, CA US","2024-02-15",,,
"USW00093227","NAPA CO AIRPORT, CA US","2024-02-01",,"59","47"
"USW00093227","NAPA CO AIRPORT, CA US","2024-02-02",,"57","39"
"USW00093227","NAPA CO AIRPORT, CA US","2024-02-03",,"54","39"
"USW00093227","NAPA CO AIRPORT, CA US","2024-02-04",,"64","48"
"USW00093227","NAPA CO AIRPORT, CA US","2024-02-05",,"59","45"
"USW00093227","NAPA CO AIRPORT, CA US","2024-02-06",,"58","41"
"USW00093227","NAPA CO AIRPORT, CA US","2024-02-07",,"54","37"
"USW00093227","NAPA CO AIRPORT, CA US","2024-02-08",,"56","33"
"USW00093227","NAPA CO AIRPORT, CA US","2024-02-09",,"56","34"
"USW00093227","NAPA CO AIRPORT, CA US","2024-02-10",,"65","40"
"USW00093227","NAPA CO AIRPORT, CA US","2024-02-11",,"60","38"
"USW00093227","NAPA CO AIRPORT, CA US","2024-02-12",,"61","36"
"USW00093227","NAPA CO AIRPORT, CA US","2024-02-13",,"59","38"
"USW00093227","NAPA CO AIRPORT, CA US","2024-02-14",,"58","47"
"USW00093227","NAPA CO AIRPORT, CA US","2024-02-15",,"61","47"
"USC00040693","BERKELEY, CA US","2024-02-07",,"52","43"
"USC00040693","BERKELEY, CA US","2024-02-08",,"57","39"
"USR0000CTRA","LAS TRAMPAS CALIFORNIA, CA US","2024-02-01","47","53","44"
"USR0000CTRA","LAS TRAMPAS CALIFORNIA, CA US","2024-02-02","44","48","41"
"USR0000CTRA","LAS TRAMPAS CALIFORNIA, CA US","2024-02-03","43","46","40"
"USR0000CTRA","LAS TRAMPAS CALIFORNIA, CA US","2024-02-04","47","53","41"
"USR0000CTRA","LAS TRAMPAS CALIFORNIA, CA US","2024-02-05","46","53","43"
"USR0000CTRA","LAS TRAMPAS CALIFORNIA, CA US","2024-02-06","45","52","41"
"USW00093228","HAYWARD AIR TERMINAL, CA US","2024-02-01","56","61","52"
"USW00093228","HAYWARD AIR TERMINAL, CA US","2024-02-02","54","60","48"
"USW00093228","HAYWARD AIR TERMINAL, CA US","2024-02-03","52","58","48"
"USW00093228","HAYWARD AIR TERMINAL, CA US","2024-02-04","55","64","49"
"USW00093228","HAYWARD AIR TERMINAL, CA US","2024-02-05","57","61","52"
"USW00093228","HAYWARD AIR TERMINAL, CA US","2024-02-06","54","61","47"
"USW00093228","HAYWARD AIR TERMINAL, CA US","2024-02-07","50","56","42"
"USW00093228","HAYWARD AIR TERMINAL, CA US","2024-02-08","49","58","39"
"USW00093228","HAYWARD AIR TERMINAL, CA US","2024-02-09","49","58","41"
"USW00093228","HAYWARD AIR TERMINAL, CA US","2024-02-10","51","64","41"
"USW00093228","HAYWARD AIR TERMINAL, CA US","2024-02-11","53","63","47"
"USW00093228","HAYWARD AIR TERMINAL, CA US","2024-02-12","51","62","43"
"USW00093228","HAYWARD AIR TERMINAL, CA US","2024-02-13","53","61","45"
"USW00093228","HAYWARD AIR TERMINAL, CA US","2024-02-14","54","61","49"
"USW00093228","HAYWARD AIR TERMINAL, CA US","2024-02-15","57","65","51"
"USW00093228","HAYWARD AIR TERMINAL, CA US","2024-02-16","55",,
"US1CACC0018","WALNUT CREEK 1.4 SSE, CA US","2024-02-01",,,
"US1CACC0018","WALNUT CREEK 1.4 SSE, CA US","2024-02-02",,,
"US1CACC0018","WALNUT CREEK 1.4 SSE, CA US","2024-02-03",,,
"US1CACC0018","WALNUT CREEK 1.4 SSE, CA US","2024-02-04",,,
"US1CACC0018","WALNUT CREEK 1.4 SSE, CA US","2024-02-05",,,
"US1CACC0018","WALNUT CREEK 1.4 SSE, CA US","2024-02-06",,,
"US1CACC0018","WALNUT CREEK 1.4 SSE, CA US","2024-02-07",,,
"US1CACC0018","WALNUT CREEK 1.4 SSE, CA US","2024-02-08",,,
"US1CACC0018","WALNUT CREEK 1.4 SSE, CA US","2024-02-09",,,
"US1CACC0018","WALNUT CREEK 1.4 SSE, CA US","2024-02-10",,,
"US1CACC0018","WALNUT CREEK 1.4 SSE, CA US","2024-02-11",,,
"US1CACC0018","WALNUT CREEK 1.4 SSE, CA US","2024-02-12",,,
"US1CACC0018","WALNUT CREEK 1.4 SSE, CA US","2024-02-13",,,
"US1CACC0018","WALNUT CREEK 1.4 SSE, CA US","2024-02-14",,,
"USR0000CBRI","BRIONES CALIFORNIA, CA US","2024-02-01","48","55","45"
"USR0000CBRI","BRIONES CALIFORNIA, CA US","2024-02-02","46","53","42"
"USR0000CBRI","BRIONES CALIFORNIA, CA US","2024-02-03","44","48","42"
"USR0000CBRI","BRIONES CALIFORNIA, CA US","2024-02-04","48","56","42"
"USR0000CBRI","BRIONES CALIFORNIA, CA US","2024-02-05","48","56","43"
"USR0000CBRI","BRIONES CALIFORNIA, CA US","2024-02-06","46","55","42"
"US1CAAL0024","FREMONT 3.7 NE, CA US","2024-02-01",,,
"US1CAAL0024","FREMONT 3.7 NE, CA US","2024-02-02",,,
"US1CAAL0024","FREMONT 3.7 NE, CA US","2024-02-03",,,
"US1CAAL0024","FREMONT 3.7 NE, CA US","2024-02-04",,,
"US1CAAL0024","FREMONT 3.7 NE, CA US","2024-02-05",,,
"US1CAAL0024","FREMONT 3.7 NE, CA US","2024-02-06",,,
"US1CAAL0024","FREMONT 3.7 NE, CA US","2024-02-08",,,
"US1CAAL0024","FREMONT 3.7 NE, CA US","2024-02-15",,,
"USR0000COKS","OAKLAND SOUTH CALIFORNIA, CA US","2024-02-01","49","54","45"
"USR0000COKS","OAKLAND SOUTH CALIFORNIA, CA US","2024-02-02","47","52","44"
"USR0000COKS","OAKLAND SOUTH CALIFORNIA, CA US","2024-02-03","46","51","43"
"USR0000COKS","OAKLAND SOUTH CALIFORNIA, CA US","2024-02-04","49","56","43"
"USR0000COKS","OAKLAND SOUTH CALIFORNIA, CA US","2024-02-05","49","56","45"
"USR0000COKS","OAKLAND SOUTH CALIFORNIA, CA US","2024-02-06","48","54","43"
"USR0000CWOO","WOODACRE CALIFORNIA, CA US","2024-02-01","47","51","44"
"USR0000CWOO","WOODACRE CALIFORNIA, CA US","2024-02-02","44","49","40"
"USR0000CWOO","WOODACRE CALIFORNIA, CA US","2024-02-03","43","47","41"
"USR0000CWOO","WOODACRE CALIFORNIA, CA US","2024-02-04","47","53","42"
"USR0000CWOO","WOODACRE CALIFORNIA, CA US","2024-02-05","47","53","42"
"USR0000CWOO","WOODACRE CALIFORNIA, CA US","2024-02-06","46","54","42"
"US1CAAL0025","ALBANY 1.7 E, CA US","2024-02-01",,,
"US1CAAL0025","ALBANY 1.7 E, CA US","2024-02-02",,,
"US1CAAL0025","ALBANY 1.7 E, CA US","2024-02-03",,,
"US1CAAL0025","ALBANY 1.7 E, CA US","2024-02-04",,,
"US1CAAL0025","ALBANY 1.7 E, CA US","2024-02-05",,,
"US1CAAL0025","ALBANY 1.7 E, CA US","2024-02-06",,,
"US1CAAL0025","ALBANY 1.7 E, CA US","2024-02-07",,,
"US1CAAL0025","ALBANY 1.7 E, CA US","2024-02-08",,,
"US1CAAL0025","ALBANY 1.7 E, CA US","2024-02-09",,,
"US1CAAL0025","ALBANY 1.7 E, CA US","2024-02-10",,,
"US1CAAL0025","ALBANY 1.7 E, CA US","2024-02-11",,,
"US1CAAL0025","ALBANY 1.7 E, CA US","2024-02-12",,,
"US1CAAL0025","ALBANY 1.7 E, CA US","2024-02-13",,,
"US1CAAL0025","ALBANY 1.7 E, CA US","2024-02-14",,,
"US1CAAL0025","ALBANY 1.7 E, CA US","2024-02-15",,,
"US1CAAL0025","ALBANY 1.7 E, CA US","2024-02-16",,,
"US1CACC0053","EL SOBRANTE 1.8 SE, CA US","2024-02-05",,,
"US1CACC0053","EL SOBRANTE 1.8 SE, CA US","2024-02-07",,,
"US1CACC0053","EL SOBRANTE 1.8 SE, CA US","2024-02-08",,,
"US1CACC0053","EL SOBRANTE 1.8 SE, CA US","2024-02-09",,,
"US1CACC0053","EL SOBRANTE 1.8 SE, CA US","2024-02-10",,,
"US1CACC0053","EL SOBRANTE 1.8 SE, CA US","2024-02-12",,,
"US1CACC0053","EL SOBRANTE 1.8 SE, CA US","2024-02-13",,,
"US1CACC0053","EL SOBRANTE 1.8 SE, CA US","2024-02-14",,,
"US1CACC0053","EL SOBRANTE 1.8 SE, CA US","2024-02-15",,,
"US1CACC0053","EL SOBRANTE 1.8 SE, CA US","2024-02-16",,,
"USR0000COKN","OAKLAND NORTH CALIFORNIA, CA US","2024-02-01","48","54","45"
"USR0000COKN","OAKLAND NORTH CALIFORNIA, CA US","2024-02-02","46","53","43"
"USR0000COKN","OAKLAND NORTH CALIFORNIA, CA US","2024-02-03","44","48","41"
"USR0000COKN","OAKLAND NORTH CALIFORNIA, CA US","2024-02-04","48","54","41"
"USR0000COKN","OAKLAND NORTH CALIFORNIA, CA US","2024-02-05","47","52","44"
"USR0000COKN","OAKLAND NORTH CALIFORNIA, CA US","2024-02-06","48","57","44"
"US1CACC0052","EL SOBRANTE 1.6 SW, CA US","2024-02-06",,,
"US1CACC0052","EL SOBRANTE 1.6 SW, CA US","2024-02-07",,,
"US1CACC0052","EL SOBRANTE 1.6 SW, CA US","2024-02-08",,,
"US1CACC0052","EL SOBRANTE 1.6 SW, CA US","2024-02-09",,,
"US1CACC0052","EL SOBRANTE 1.6 SW, CA US","2024-02-10",,,
"US1CACC0052","EL SOBRANTE 1.6 SW, CA US","2024-02-11",,,
"US1CACC0052","EL SOBRANTE 1.6 SW, CA US","2024-02-13",,,
"US1CACC0052","EL SOBRANTE 1.6 SW, CA US","2024-02-15",,,
"US1CACC0052","EL SOBRANTE 1.6 SW, CA US","2024-02-16",,,
"US1CAAL0060","BERKELEY 2.0 NE, CA US","2024-02-01",,,
"US1CAAL0060","BERKELEY 2.0 NE, CA US","2024-02-02",,,
"US1CAAL0060","BERKELEY 2.0 NE, CA US","2024-02-03",,,
"US1CAAL0060","BERKELEY 2.0 NE, CA US","2024-02-04",,,
"US1CAAL0060","BERKELEY 2.0 NE, CA US","2024-02-05",,,
"US1CAAL0060","BERKELEY 2.0 NE, CA US","2024-02-06",,,
"US1CAAL0060","BERKELEY 2.0 NE, CA US","2024-02-07",,,
"US1CAAL0060","BERKELEY 2.0 NE, CA US","2024-02-08",,,
"US1CAAL0060","BERKELEY 2.0 NE, CA US","2024-02-09",,,
"US1CAAL0060","BERKELEY 2.0 NE, CA US","2024-02-11",,,
"US1CAAL0060","BERKELEY 2.0 NE, CA US","2024-02-12",,,
"US1CAAL0060","BERKELEY 2.0 NE, CA US","2024-02-13",,,
"US1CAAL0060","BERKELEY 2.0 NE, CA US","2024-02-14",,,
"US1CAAL0060","BERKELEY 2.0 NE, CA US","2024-02-15",,,
"US1CAAL0060","BERKELEY 2.0 NE, CA US","2024-02-16",,,
"US1CASM0022","WOODSIDE 3.4 S, CA US","2024-02-01",,,
"US1CASM0022","WOODSIDE 3.4 S, CA US","2024-02-02",,,
"US1CASM0022","WOODSIDE 3.4 S, CA US","2024-02-03",,,
"US1CASM0022","WOODSIDE 3.4 S, CA US","2024-02-04",,,
"US1CASM0022","WOODSIDE 3.4 S, CA US","2024-02-05",,,
"US1CASM0022","WOODSIDE 3.4 S, CA US","2024-02-06",,,
"US1CASM0022","WOODSIDE 3.4 S, CA US","2024-02-07",,,
"US1CASM0022","WOODSIDE 3.4 S, CA US","2024-02-08",,,
"US1CASM0022","WOODSIDE 3.4 S, CA US","2024-02-09",,,
"US1CASM0022","WOODSIDE 3.4 S, CA US","2024-02-10",,,
"US1CASM0022","WOODSIDE 3.4 S, CA US","2024-02-11",,,
"US1CASM0022","WOODSIDE 3.4 S, CA US","2024-02-12",,,
"US1CASM0022","WOODSIDE 3.4 S, CA US","2024-02-13",,,
"US1CASM0022","WOODSIDE 3.4 S, CA US","2024-02-14",,,
"US1CASM0022","WOODSIDE 3.4 S, CA US","2024-02-15",,,
"US1CACC0050","PITTSBURG 0.7 W, CA US","2024-02-01",,,
"US1CACC0050","PITTSBURG 0.7 W, CA US","2024-02-02",,,
"US1CACC0050","PITTSBURG 0.7 W, CA US","2024-02-05",,,
"US1CACC0050","PITTSBURG 0.7 W, CA US","2024-02-07",,,
"US1CACC0050","PITTSBURG 0.7 W, CA US","2024-02-08",,,
"US1CACC0050","PITTSBURG 0.7 W, CA US","2024-02-10",,,
"US1CACC0050","PITTSBURG 0.7 W, CA US","2024-02-11",,,
"US1CACC0050","PITTSBURG 0.7 W, CA US","2024-02-12",,,
"US1CACC0050","PITTSBURG 0.7 W, CA US","2024-02-13",,,
"US1CACC0050","PITTSBURG 0.7 W, CA US","2024-02-14",,,
"US1CACC0050","PITTSBURG 0.7 W, CA US","2024-02-15",,,
"USR0000CBAR","BARNABY CALIFORNIA, CA US","2024-02-01","50","57","46"
"USR0000CBAR","BARNABY CALIFORNIA, CA US","2024-02-02","48","56","42"
"USR0000CBAR","BARNABY CALIFORNIA, CA US","2024-02-03","45","50","42"
"USR0000CBAR","BARNABY CALIFORNIA, CA US","2024-02-04","49","55","44"
"USR0000CBAR","BARNABY CALIFORNIA, CA US","2024-02-05","50","57","44"
"USR0000CBAR","BARNABY CALIFORNIA, CA US","2024-02-06","48","56","44"
"US1CASM0025","REDWOOD CITY 3.3 SSW, CA US","2024-02-01",,,
"US1CASM0025","REDWOOD CITY 3.3 SSW, CA US","2024-02-02",,,
"US1CASM0025","REDWOOD CITY 3.3 SSW, CA US","2024-02-03",,,
"US1CASM0025","REDWOOD CITY 3.3 SSW, CA US","2024-02-04",,,
"US1CASM0025","REDWOOD CITY 3.3 SSW, CA US","2024-02-05",,,
"US1CASM0025","REDWOOD CITY 3.3 SSW, CA US","2024-02-06",,,
"US1CASM0025","REDWOOD CITY 3.3 SSW, CA US","2024-02-07",,,
"US1CASM0025","REDWOOD CITY 3.3 SSW, CA US","2024-02-08",,,
"US1CASM0025","REDWOOD CITY 3.3 SSW, CA US","2024-02-15",,,
